Open,High,Low,Close,Volume,Dividends,Stock Splits
164.4199981689453,166.3300018310547,162.3000030517578,162.41000366210938,122501300,0,0
