Open,High,Low,Close,Volume,Dividends,Stock Splits
314.80999755859375,318.30999755859375,303.0400085449219,303.1700134277344,28661700,0,0
